ts,role,pid,cpu_pct,rss_kb,pss_kb,private_dirty_kb,threads,fd_count
1782046250098,streamd,2098436,0.00,57812,51786,19876,2,6
1782046250098,qemu,2098448,0.00,4355876,4345706,4239720,13,115
1782046251133,streamd,2098436,0.00,57812,51794,19876,2,6
1782046251133,qemu,2098448,4.83,4355876,4345905,4239720,13,115
1782046252169,streamd,2098436,0.00,57812,51792,19876,2,6
1782046252169,qemu,2098448,6.76,4355876,4345905,4239720,13,115
1782046253206,streamd,2098436,0.00,57812,51796,19876,2,6
1782046253206,qemu,2098448,7.71,4355876,4345903,4239720,13,115
1782046254245,streamd,2098436,0.00,57812,51794,19876,2,6
1782046254245,qemu,2098448,5.77,4355876,4345906,4239720,13,115
1782046255282,streamd,2098436,0.00,57812,51793,19876,2,6
1782046255282,qemu,2098448,7.71,4355876,4345903,4239720,13,115
1782046256320,streamd,2098436,0.00,57812,51792,19876,2,6
1782046256320,qemu,2098448,5.78,4355876,4345903,4239720,13,115
1782046257358,streamd,2098436,0.00,57812,51796,19876,2,6
1782046257358,qemu,2098448,7.71,4355876,4345905,4239720,13,115
1782046258395,streamd,2098436,0.00,57812,51793,19876,2,6
1782046258395,qemu,2098448,6.75,4355876,4345903,4239720,13,115
1782046259432,streamd,2098436,0.00,57812,51796,19876,2,6
1782046259432,qemu,2098448,6.75,4355876,4345905,4239720,13,115
1782046260469,streamd,2098436,0.00,57812,51797,19876,2,6
1782046260469,qemu,2098448,7.71,4355876,4345903,4239720,13,115
1782046261506,streamd,2098436,0.00,57812,51796,19876,2,6
1782046261506,qemu,2098448,10.61,4355876,4345905,4239720,13,115
1782046262545,streamd,2098436,0.00,57812,51796,19876,2,6
1782046262545,qemu,2098448,25.02,4355876,4345905,4239720,13,115
1782046263586,streamd,2098436,0.00,57812,51792,19876,2,6
1782046263586,qemu,2098448,36.50,4355876,4345905,4239720,13,115
1782046264624,streamd,2098436,0.00,57812,51783,19876,2,6
1782046264624,qemu,2098448,15.41,4355876,4345704,4239720,13,115
1782046265667,streamd,2098436,0.00,57812,51793,19876,2,6
1782046265667,qemu,2098448,69.99,4355876,4345903,4239720,13,115
1782046266709,streamd,2098436,0.00,57812,51796,19876,2,6
1782046266709,qemu,2098448,51.82,4355876,4345919,4239736,13,115
1782046267749,streamd,2098436,0.00,57812,51795,19876,2,6
1782046267749,qemu,2098448,13.46,4355876,4345921,4239736,13,115
1782046268786,streamd,2098436,0.00,57812,51797,19876,2,6
1782046268786,qemu,2098448,7.71,4355876,4345921,4239736,13,115
1782046269824,streamd,2098436,0.00,57812,51797,19876,2,6
1782046269824,qemu,2098448,5.78,4355876,4345921,4239736,13,115
1782046270862,streamd,2098436,0.00,57812,51797,19876,2,6
1782046270862,qemu,2098448,6.74,4355876,4345921,4239736,13,115
1782046271900,streamd,2098436,0.00,57812,51796,19876,2,6
1782046271900,qemu,2098448,6.74,4355876,4345921,4239736,13,115
1782046272938,streamd,2098436,0.00,57812,51798,19876,2,6
1782046272938,qemu,2098448,5.78,4355876,4345919,4239736,13,115
1782046273976,streamd,2098436,0.00,57812,51794,19876,2,6
1782046273976,qemu,2098448,6.74,4355876,4345937,4239752,13,115
1782046275014,streamd,2098436,0.00,57812,51793,19876,2,6
1782046275014,qemu,2098448,52.99,4355876,4345961,4239776,13,115
1782046276055,streamd,2098436,0.00,57812,51796,19876,2,6
1782046276055,qemu,2098448,93.18,4356388,4346161,4239976,13,115
1782046277092,streamd,2098436,0.00,57812,51797,19876,2,6
1782046277092,qemu,2098448,22.18,4356516,4346269,4240084,13,115
1782046278130,streamd,2098436,0.00,57812,51792,19876,2,6
1782046278130,qemu,2098448,5.78,4356516,4346269,4240084,13,115
1782046279168,streamd,2098436,0.00,57812,51795,19876,2,6
1782046279168,qemu,2098448,9.63,4356516,4346267,4240084,13,115
1782046280205,streamd,2098436,0.00,57812,51791,19876,2,6
1782046280205,qemu,2098448,5.79,4356516,4346269,4240084,13,115
1782046281243,streamd,2098436,0.00,57812,51795,19876,2,6
1782046281243,qemu,2098448,54.91,4356644,4346521,4240336,13,115
1782046282280,streamd,2098436,0.00,57812,51788,19876,2,6
1782046282280,qemu,2098448,61.72,4356644,4346322,4240336,13,115
1782046283321,streamd,2098436,4.80,75860,69873,37952,5,18
1782046283321,qemu,2098448,72.05,4356644,4346519,4240336,13,116
1782046284374,streamd,2098436,6.65,76756,70748,38828,5,18
1782046284374,qemu,2098448,154.80,4356644,4346188,4240004,13,120
1782046285427,streamd,2098436,6.65,77012,71125,39208,5,18
1782046285427,qemu,2098448,112.06,4356644,4346040,4239856,13,120
1782046286472,streamd,2098436,6.70,77396,71540,39620,5,18
1782046286472,qemu,2098448,70.81,4356644,4346041,4239856,13,120
1782046287527,streamd,2098436,5.69,77524,71705,39784,5,18
1782046287527,qemu,2098448,116.59,4356644,4345943,4239760,14,120
1782046288572,streamd,2098436,4.78,77524,71701,39784,5,18
1782046288572,qemu,2098448,9.57,4356644,4345947,4239760,14,120
1782046289617,streamd,2098436,6.70,77524,71704,39784,5,18
1782046289617,qemu,2098448,10.53,4356644,4345943,4239760,14,120
1782046290662,streamd,2098436,5.74,77524,71704,39784,5,19
1782046290662,qemu,2098448,22.01,4356644,4345940,4239760,14,120
1782046291708,streamd,2098436,5.74,77524,71700,39784,5,18
1782046291708,qemu,2098448,11.47,4356644,4345946,4239760,14,120
1782046292753,streamd,2098436,6.70,77524,71704,39784,5,18
1782046292753,qemu,2098448,10.53,4356644,4345943,4239760,14,120
1782046293797,streamd,2098436,5.75,77524,71705,39784,5,18
1782046293797,qemu,2098448,10.54,4356644,4345943,4239760,14,120
1782046294842,streamd,2098436,4.78,77524,71705,39784,5,18
1782046294842,qemu,2098448,8.61,4356644,4345945,4239760,14,120
1782046295886,streamd,2098436,6.70,77524,71704,39784,5,18
1782046295886,qemu,2098448,13.41,4356644,4345943,4239760,14,120
1782046296932,streamd,2098436,5.74,77524,71700,39784,5,18
1782046296932,qemu,2098448,10.52,4356644,4345945,4239760,14,120
1782046297976,streamd,2098436,5.75,77524,71704,39784,5,18
1782046297976,qemu,2098448,13.41,4356644,4345945,4239760,14,120
1782046299021,streamd,2098436,6.70,77524,71704,39784,5,18
1782046299021,qemu,2098448,9.57,4356644,4345943,4239760,14,120
1782046300070,streamd,2098436,4.77,77524,71699,39784,5,18
1782046300070,qemu,2098448,9.53,4356644,4345947,4239760,14,120
1782046301116,streamd,2098436,6.69,77524,71703,39784,5,18
1782046301116,qemu,2098448,8.60,4356644,4345945,4239760,14,120
1782046302160,streamd,2098436,5.75,77524,71704,39784,5,18
1782046302160,qemu,2098448,62.26,4356644,4345945,4239760,14,120
1782046303207,streamd,2098436,6.69,77524,71700,39784,5,19
1782046303207,qemu,2098448,20.06,4356644,4345943,4239760,14,120
1782046304253,streamd,2098436,6.69,77524,71704,39784,5,18
1782046304253,qemu,2098448,120.46,4356644,4345943,4239760,14,120
1782046305304,streamd,2098436,5.71,77524,71702,39784,5,18
1782046305304,qemu,2098448,98.95,4356644,4345945,4239760,14,120
1782046306349,streamd,2098436,5.74,77524,71703,39784,5,18
1782046306349,qemu,2098448,6.70,4356644,4345945,4239760,14,120
1782046307393,streamd,2098436,5.75,77524,71702,39784,5,18
1782046307393,qemu,2098448,6.70,4356644,4345945,4239760,14,120
1782046308438,streamd,2098436,5.74,77524,71701,39784,5,18
1782046308438,qemu,2098448,8.61,4356644,4345943,4239760,14,120
1782046309484,streamd,2098436,5.74,77524,71705,39784,5,18
1782046309484,qemu,2098448,5.74,4356644,4345943,4239760,14,120
1782046310529,streamd,2098436,6.70,77524,71705,39784,5,18
1782046310529,qemu,2098448,7.66,4356644,4345943,4239760,14,120
1782046311575,streamd,2098436,5.74,77524,71702,39784,5,18
1782046311575,qemu,2098448,5.74,4356644,4345945,4239760,14,120
1782046312619,streamd,2098436,3.83,77524,71697,39780,5,6
1782046312619,qemu,2098448,5.75,4356644,4345943,4239760,14,119
1782046313656,streamd,2098436,0.00,77524,71633,39712,3,6
1782046313656,qemu,2098448,3.86,4356644,4345943,4239760,14,119
1782046314693,streamd,2098436,0.00,77524,71628,39712,3,6
1782046314693,qemu,2098448,7.71,4356644,4345943,4239760,14,119
1782046315730,streamd,2098436,0.00,77524,71633,39712,3,6
1782046315730,qemu,2098448,4.82,4356644,4345949,4239764,14,115
1782046316768,streamd,2098436,0.00,77524,71633,39712,3,6
1782046316768,qemu,2098448,4.82,4356644,4345949,4239764,14,116
1782046317805,streamd,2098436,5.79,97876,92125,60208,5,18
1782046317805,qemu,2098448,6.75,4356644,4345952,4239764,14,116
1782046318849,streamd,2098436,6.70,98004,92243,60328,5,18
1782046318849,qemu,2098448,25.86,4356644,4345949,4239764,14,120
1782046319893,streamd,2098436,6.70,98388,92635,60716,5,18
1782046319893,qemu,2098448,8.62,4356644,4345946,4239764,14,120
1782046320938,streamd,2098436,4.78,98516,92744,60828,5,18
1782046320938,qemu,2098448,10.53,4356644,4345951,4239768,14,120
1782046321983,streamd,2098436,6.70,98516,92744,60828,5,18
1782046321983,qemu,2098448,6.70,4356644,4345951,4239768,14,120
1782046323028,streamd,2098436,5.74,98516,92746,60828,5,18
1782046323028,qemu,2098448,9.57,4356644,4345951,4239768,14,120
1782046324075,streamd,2098436,5.73,98516,92748,60828,5,18
1782046324075,qemu,2098448,7.64,4356644,4345951,4239768,14,120
1782046325119,streamd,2098436,6.70,98516,92748,60828,5,18
1782046325119,qemu,2098448,5.75,4356644,4345940,4239768,14,120
1782046326165,streamd,2098436,5.74,98516,92742,60828,5,19
1782046326165,qemu,2098448,69.79,4356644,4345705,4239768,14,120
1782046327212,streamd,2098436,6.69,98516,92749,60828,5,18
1782046327212,qemu,2098448,7.64,4356644,4345952,4239768,14,120
1782046328258,streamd,2098436,5.74,98516,92744,60828,5,18
1782046328258,qemu,2098448,7.65,4356644,4345958,4239768,14,120
1782046329304,streamd,2098436,5.74,98516,92744,60828,5,18
1782046329304,qemu,2098448,6.69,4356644,4345953,4239768,14,120
1782046330347,streamd,2098436,5.75,98516,92744,60828,5,18
1782046330347,qemu,2098448,5.75,4356644,4345955,4239768,14,120
1782046331391,streamd,2098436,6.70,98516,92748,60828,5,18
1782046331391,qemu,2098448,4.79,4356644,4345951,4239768,14,120
1782046332435,streamd,2098436,5.75,98516,92745,60828,5,18
1782046332435,qemu,2098448,6.70,4356644,4345953,4239768,14,120
1782046333479,streamd,2098436,5.75,98516,92744,60828,5,18
1782046333479,qemu,2098448,8.62,4356644,4345953,4239768,14,120
1782046334523,streamd,2098436,5.75,98516,92746,60828,5,18
1782046334523,qemu,2098448,8.62,4356644,4345953,4239768,14,120
1782046335568,streamd,2098436,6.70,98516,92744,60828,5,18
1782046335568,qemu,2098448,5.74,4356644,4345953,4239768,14,120
1782046336612,streamd,2098436,5.75,98516,92748,60828,5,18
1782046336612,qemu,2098448,6.70,4356644,4345951,4239768,14,120
1782046337658,streamd,2098436,5.74,98516,92748,60828,5,19
1782046337658,qemu,2098448,6.69,4356644,4345953,4239768,14,120
1782046338704,streamd,2098436,5.74,98516,92744,60828,5,18
1782046338704,qemu,2098448,7.65,4356644,4345953,4239768,14,120
1782046339750,streamd,2098436,5.74,98516,92740,60828,5,18
1782046339750,qemu,2098448,5.74,4356644,4345706,4239768,14,120
1782046340795,streamd,2098436,6.70,98516,92740,60828,5,18
1782046340795,qemu,2098448,6.70,4356644,4345755,4239768,14,120
1782046341840,streamd,2098436,5.74,98516,92749,60828,5,18
1782046341840,qemu,2098448,67.94,4356644,4345953,4239768,14,120
1782046342884,streamd,2098436,5.75,98516,92739,60828,5,18
1782046342884,qemu,2098448,109.20,4356644,4345751,4239768,14,120
1782046343932,streamd,2098436,5.73,98516,92749,60828,5,18
1782046343932,qemu,2098448,9.54,4356644,4345953,4239768,14,120
1782046344978,streamd,2098436,6.69,98516,92750,60828,5,18
1782046344978,qemu,2098448,5.74,4356644,4345951,4239768,14,120
1782046346025,streamd,2098436,5.73,98516,92748,60828,5,18
1782046346025,qemu,2098448,5.73,4356644,4345953,4239768,14,120
1782046347069,streamd,2098436,5.75,98516,92748,60828,5,18
1782046347069,qemu,2098448,10.54,4356644,4345951,4239768,14,120
1782046348114,streamd,2098436,5.74,98516,92749,60828,5,18
1782046348114,qemu,2098448,7.66,4356644,4345951,4239768,14,120
1782046349156,streamd,2098436,6.72,98516,92739,60828,5,18
1782046349156,qemu,2098448,8.64,4356644,4345753,4239768,14,120
1782046350202,streamd,2098436,5.74,98516,92746,60828,5,18
1782046350202,qemu,2098448,12.43,4356644,4345953,4239768,14,120
1782046351245,streamd,2098436,5.75,98516,92745,60828,5,18
1782046351245,qemu,2098448,189.84,4356644,4345754,4239768,14,120
1782046352305,streamd,2098436,6.60,98516,92744,60828,5,18
1782046352305,qemu,2098448,95.28,4356644,4345951,4239768,14,120
1782046353354,streamd,2098436,6.67,98516,92748,60828,5,18
1782046353354,qemu,2098448,20.97,4356644,4345953,4239768,14,120
1782046354401,streamd,2098436,5.73,98516,92749,60828,5,18
1782046354401,qemu,2098448,20.06,4356644,4345953,4239768,14,120
1782046355449,streamd,2098436,5.73,98516,92748,60828,5,18
1782046355449,qemu,2098448,21.95,4356644,4345953,4239768,14,120
1782046356497,streamd,2098436,5.73,98516,92749,60828,5,18
1782046356497,qemu,2098448,20.04,4356644,4345953,4239768,14,120
1782046357543,streamd,2098436,5.74,98516,92749,60828,5,18
1782046357543,qemu,2098448,21.03,4356644,4345953,4239768,14,120
1782046358590,streamd,2098436,6.69,98516,92749,60828,5,18
1782046358590,qemu,2098448,20.06,4356644,4345951,4239768,14,120
1782046359638,streamd,2098436,5.73,98516,92749,60828,5,19
1782046359638,qemu,2098448,20.04,4356644,4345953,4239768,14,120
1782046360686,streamd,2098436,5.73,98516,92746,60828,5,18
1782046360686,qemu,2098448,19.08,4356644,4345957,4239768,14,120
1782046361733,streamd,2098436,5.73,98516,92749,60828,5,18
1782046361733,qemu,2098448,26.74,4356644,4345951,4239768,14,120
1782046362780,streamd,2098436,7.64,98516,92749,60828,5,18
1782046362780,qemu,2098448,21.01,4356644,4345953,4239768,14,120
1782046363828,streamd,2098436,6.68,98516,92748,60828,5,18
1782046363828,qemu,2098448,309.16,4356772,4345977,4239792,14,120
1782046364884,streamd,2098436,6.63,98516,92745,60828,5,18
1782046364884,qemu,2098448,217.80,4356772,4345977,4239792,14,120
1782046365935,streamd,2098436,6.66,98516,92748,60828,5,18
1782046365935,qemu,2098448,40.91,4356900,4346033,4239848,14,120
1782046366983,streamd,2098436,5.73,98516,92748,60828,5,18
1782046366983,qemu,2098448,40.08,4356900,4346049,4239864,14,120
1782046368033,streamd,2098436,5.71,98516,92748,60828,5,18
1782046368033,qemu,2098448,58.10,4356900,4346049,4239864,14,120
1782046369084,streamd,2098436,5.71,98516,92746,60828,5,18
1782046369084,qemu,2098448,23.79,4356900,4346049,4239864,14,120
1782046370133,streamd,2098436,6.67,98516,92744,60828,5,19
1782046370133,qemu,2098448,96.28,4356900,4346047,4239864,14,120
1782046371192,streamd,2098436,5.67,98516,92746,60828,5,18
1782046371192,qemu,2098448,20.77,4356900,4346049,4239864,14,120
1782046372240,streamd,2098436,5.73,98516,92748,60828,5,18
1782046372240,qemu,2098448,20.04,4356900,4346047,4239864,14,120
1782046373285,streamd,2098436,5.74,98516,92747,60828,5,18
1782046373285,qemu,2098448,7.66,4369060,4358121,4251936,14,120
1782046374334,streamd,2098436,5.72,98516,92745,60828,5,18
1782046374334,qemu,2098448,12.39,4369060,4358133,4251948,14,120
1782046375379,streamd,2098436,5.74,98516,92745,60828,5,18
1782046375379,qemu,2098448,7.66,4369060,4358145,4251960,14,120
1782046376427,streamd,2098436,6.68,98516,92749,60828,5,18
1782046376427,qemu,2098448,28.63,4369060,4358187,4252004,14,120
1782046377473,streamd,2098436,4.78,98516,92746,60828,5,18
1782046377473,qemu,2098448,7.65,4369060,4358187,4252004,14,120
1782046378518,streamd,2098436,4.78,98516,92745,60828,5,18
1782046378518,qemu,2098448,5.74,4369060,4358189,4252004,14,120
1782046379564,streamd,2098436,6.69,98516,92748,60828,5,18
1782046379564,qemu,2098448,8.60,4369060,4358189,4252004,14,120
1782046380609,streamd,2098436,5.74,98516,92747,60828,5,18
1782046380609,qemu,2098448,8.61,4369060,4358189,4252004,14,120
1782046381654,streamd,2098436,4.78,98516,92747,60828,5,18
1782046381654,qemu,2098448,6.70,4369060,4358189,4252004,14,120
1782046382700,streamd,2098436,6.69,98516,92745,60828,5,18
1782046382700,qemu,2098448,5.74,4369060,4358189,4252004,14,120
1782046383746,streamd,2098436,5.74,98516,92744,60828,5,18
1782046383746,qemu,2098448,6.69,4369060,4358185,4252004,14,120
1782046384792,streamd,2098436,5.74,98516,92746,60828,5,18
1782046384792,qemu,2098448,6.69,4369060,4358187,4252004,14,120
1782046385838,streamd,2098436,5.74,98516,92748,60828,5,18
1782046385838,qemu,2098448,5.74,4369060,4358189,4252004,14,120
1782046386885,streamd,2098436,5.73,98516,92744,60828,5,18
1782046386885,qemu,2098448,7.64,4369060,4358189,4252004,14,120
1782046387934,streamd,2098436,5.72,98516,92748,60828,5,18
1782046387934,qemu,2098448,5.72,4369060,4358187,4252004,14,120
1782046388983,streamd,2098436,5.72,98516,92748,60828,5,18
1782046388983,qemu,2098448,6.67,4369060,4358189,4252004,14,120
1782046390031,streamd,2098436,5.73,98516,92743,60828,5,18
1782046390031,qemu,2098448,5.73,4369060,4358188,4252004,14,120
1782046391077,streamd,2098436,5.74,98516,92745,60828,5,18
1782046391077,qemu,2098448,5.74,4369060,4358189,4252004,14,120
1782046392125,streamd,2098436,5.73,98516,92748,60828,5,18
1782046392125,qemu,2098448,5.73,4369060,4358187,4252004,14,120
1782046393170,streamd,2098436,5.74,98516,92745,60828,5,18
1782046393170,qemu,2098448,7.66,4369060,4358189,4252004,14,120
1782046394216,streamd,2098436,5.74,98516,92748,60828,5,18
1782046394216,qemu,2098448,6.69,4369060,4358187,4252004,14,120
1782046395262,streamd,2098436,5.74,98516,92748,60828,5,18
1782046395262,qemu,2098448,6.69,4369060,4358189,4252004,14,120
1782046396309,streamd,2098436,6.69,98516,92744,60828,5,18
1782046396309,qemu,2098448,6.69,4369060,4358189,4252004,14,120
1782046397353,streamd,2098436,5.75,98516,92743,60828,5,18
1782046397353,qemu,2098448,6.70,4369060,4358189,4252004,14,120
1782046398400,streamd,2098436,4.78,98516,92744,60828,5,18
1782046398400,qemu,2098448,6.69,4369060,4358189,4252004,14,120
1782046399445,streamd,2098436,6.70,98516,92749,60828,5,18
1782046399445,qemu,2098448,6.70,4369060,4358187,4252004,13,120
1782046400492,streamd,2098436,5.73,98516,92744,60828,5,18
1782046400492,qemu,2098448,14.33,4369060,4358187,4252004,13,120
1782046401538,streamd,2098436,5.74,98516,92749,60828,5,18
1782046401538,qemu,2098448,7.65,4369060,4358189,4252004,13,120
1782046402584,streamd,2098436,5.74,98516,92744,60828,5,18
1782046402584,qemu,2098448,6.69,4369060,4358192,4252004,13,120
1782046403631,streamd,2098436,5.73,98516,92746,60828,5,18
1782046403631,qemu,2098448,7.64,4369060,4358189,4252004,13,120
1782046404677,streamd,2098436,6.69,98516,92749,60828,5,18
1782046404677,qemu,2098448,6.69,4369060,4358187,4252004,13,120
1782046405722,streamd,2098436,4.78,98516,92745,60828,5,18
1782046405722,qemu,2098448,5.74,4369060,4358187,4252004,13,120
1782046406768,streamd,2098436,6.69,98516,92744,60828,5,18
1782046406768,qemu,2098448,8.60,4369060,4358189,4252004,13,120
1782046407815,streamd,2098436,5.73,98516,92747,60828,5,18
1782046407815,qemu,2098448,6.69,4369060,4358189,4252004,13,120
1782046408858,streamd,2098436,5.75,98516,92744,60828,5,18
1782046408858,qemu,2098448,4.79,4369060,4358187,4252004,13,120
1782046409904,streamd,2098436,5.74,98516,92743,60828,5,18
1782046409904,qemu,2098448,7.65,4369060,4358187,4252004,13,120
1782046410949,streamd,2098436,5.74,98516,92745,60828,5,18
1782046410949,qemu,2098448,5.74,4369060,4358187,4252004,13,120
1782046411995,streamd,2098436,5.74,98516,92747,60828,5,18
1782046411995,qemu,2098448,15.30,4369060,4358189,4252004,13,120
1782046413041,streamd,2098436,5.74,98516,92748,60828,5,18
1782046413041,qemu,2098448,6.69,4369060,4358187,4252004,13,120
1782046414087,streamd,2098436,5.74,98516,92748,60828,5,18
1782046414087,qemu,2098448,6.69,4369060,4358184,4252004,13,120
1782046415133,streamd,2098436,4.78,98516,92746,60828,5,18
1782046415133,qemu,2098448,5.74,4369060,4358189,4252004,13,120
1782046416180,streamd,2098436,5.73,98516,92749,60828,5,18
1782046416180,qemu,2098448,9.55,4369060,4358189,4252004,13,120
1782046417227,streamd,2098436,5.73,98516,92746,60828,5,18
1782046417227,qemu,2098448,5.73,4369060,4358189,4252004,13,120
1782046418274,streamd,2098436,6.69,98516,92744,60828,5,19
1782046418274,qemu,2098448,5.73,4369060,4358194,4252004,13,120
1782046419319,streamd,2098436,4.78,98516,92748,60828,5,18
1782046419319,qemu,2098448,6.70,4369060,4358189,4252004,13,120
1782046420364,streamd,2098436,5.74,98516,92744,60828,5,18
1782046420364,qemu,2098448,6.70,4369060,4358192,4252004,13,120
1782046421409,streamd,2098436,5.74,98516,92749,60828,5,18
1782046421409,qemu,2098448,4.78,4369060,4358189,4252004,13,120
1782046422455,streamd,2098436,5.74,98516,92745,60828,5,18
1782046422455,qemu,2098448,6.69,4369060,4358189,4252004,13,120
1782046423500,streamd,2098436,6.70,98516,92745,60828,5,18
1782046423500,qemu,2098448,6.70,4369060,4358189,4252004,13,120
1782046424546,streamd,2098436,5.74,98516,92745,60828,5,18
1782046424546,qemu,2098448,7.65,4369060,4358189,4252004,13,120
1782046425594,streamd,2098436,5.73,98516,92749,60828,5,18
1782046425594,qemu,2098448,5.73,4369060,4358189,4252004,13,120
1782046426639,streamd,2098436,5.74,98516,92744,60828,5,18
1782046426639,qemu,2098448,5.74,4369060,4358189,4252004,13,120
1782046427685,streamd,2098436,6.69,98516,92747,60828,5,18
1782046427685,qemu,2098448,7.65,4369060,4358188,4252004,13,120
1782046428732,streamd,2098436,5.73,98516,92745,60828,5,18
1782046428732,qemu,2098448,5.73,4369060,4358189,4252004,13,120
1782046429780,streamd,2098436,5.73,98516,92746,60828,5,18
1782046429780,qemu,2098448,6.68,4369060,4358189,4252004,13,120
1782046430825,streamd,2098436,5.74,98516,92744,60828,5,18
1782046430825,qemu,2098448,56.46,4369060,4358321,4252136,14,120
1782046431873,streamd,2098436,5.73,98516,92748,60828,5,18
1782046431873,qemu,2098448,12.40,4369060,4358321,4252136,14,120
1782046432916,streamd,2098436,5.75,98516,92749,60828,5,18
1782046432916,qemu,2098448,6.71,4369060,4358321,4252136,14,120
1782046433962,streamd,2098436,6.69,98516,92745,60828,5,18
1782046433962,qemu,2098448,6.69,4369060,4358321,4252136,14,120
1782046435008,streamd,2098436,5.74,98516,92748,60828,5,18
1782046435008,qemu,2098448,6.69,4369060,4358323,4252140,14,120
1782046436054,streamd,2098436,5.74,98516,92748,60828,5,18
1782046436054,qemu,2098448,5.74,4369060,4358323,4252140,14,120
1782046437098,streamd,2098436,5.75,98516,92744,60828,5,18
1782046437098,qemu,2098448,5.75,4369060,4358325,4252140,14,120
1782046438143,streamd,2098436,6.70,98516,92748,60828,5,18
1782046438143,qemu,2098448,6.70,4369060,4358325,4252140,14,120
1782046439188,streamd,2098436,5.74,98516,92745,60828,5,18
1782046439188,qemu,2098448,6.70,4369060,4358325,4252140,14,120
1782046440234,streamd,2098436,5.74,98516,92744,60828,5,18
1782046440234,qemu,2098448,6.69,4369060,4358325,4252140,14,120
1782046441283,streamd,2098436,5.72,98516,92749,60828,5,18
1782046441283,qemu,2098448,6.67,4369060,4358323,4252140,14,120
1782046442327,streamd,2098436,6.70,98516,92746,60828,5,18
1782046442327,qemu,2098448,6.70,4369060,4358325,4252140,14,120
1782046443373,streamd,2098436,5.74,98516,92749,60828,5,18
1782046443373,qemu,2098448,6.69,4369060,4358325,4252140,14,120
1782046444418,streamd,2098436,4.78,98516,92744,60828,5,18
1782046444418,qemu,2098448,6.70,4369060,4358323,4252140,14,120
1782046445462,streamd,2098436,5.75,98516,92750,60828,5,18
1782046445462,qemu,2098448,6.70,4369060,4358325,4252140,14,120
1782046446510,streamd,2098436,5.73,98516,92748,60828,5,19
1782046446510,qemu,2098448,5.73,4369060,4358325,4252140,14,120
1782046447554,streamd,2098436,6.70,98516,92746,60828,5,18
1782046447554,qemu,2098448,76.63,4369060,4358377,4252192,14,120
1782046448602,streamd,2098436,5.73,98516,92748,60828,5,18
1782046448602,qemu,2098448,20.04,4369060,4358377,4252192,14,120
1782046449651,streamd,2098436,5.72,98516,92745,60828,5,18
1782046449651,qemu,2098448,4.77,4369060,4358375,4252192,14,120
1782046450695,streamd,2098436,5.75,98516,92749,60828,5,18
1782046450695,qemu,2098448,6.70,4369060,4358377,4252192,14,120
1782046451739,streamd,2098436,6.70,98516,92749,60828,5,18
1782046451739,qemu,2098448,5.75,4369060,4358377,4252192,14,120
1782046452784,streamd,2098436,5.74,98516,92748,60828,5,19
1782046452784,qemu,2098448,6.70,4369060,4358377,4252192,14,120
1782046453829,streamd,2098436,4.78,98516,92748,60828,5,18
1782046453829,qemu,2098448,5.74,4369060,4358377,4252192,14,120
1782046454874,streamd,2098436,5.74,98516,92746,60828,5,18
1782046454874,qemu,2098448,5.74,4369060,4358377,4252192,14,120
1782046455918,streamd,2098436,5.75,98516,92748,60828,5,18
1782046455918,qemu,2098448,5.75,4369060,4358377,4252192,14,120
1782046456964,streamd,2098436,4.78,98516,92745,60828,5,18
1782046456964,qemu,2098448,6.69,4369060,4358377,4252192,14,120
1782046458010,streamd,2098436,5.74,98516,92746,60828,5,18
1782046458010,qemu,2098448,59.27,4369060,4358375,4252192,14,120
1782046459057,streamd,2098436,6.69,98516,92739,60828,5,18
1782046459057,qemu,2098448,21.01,4369060,4358129,4252192,14,120
1782046460102,streamd,2098436,5.74,98516,92741,60828,5,18
1782046460102,qemu,2098448,96.65,4369060,4358210,4252192,14,120
1782046461157,streamd,2098436,5.69,98516,92746,60828,5,18
1782046461157,qemu,2098448,28.44,4369060,4358375,4252192,14,120
1782046462202,streamd,2098436,5.74,98516,92743,60828,5,18
1782046462202,qemu,2098448,6.70,4369060,4358131,4252192,14,120
1782046463246,streamd,2098436,5.75,98516,92750,60828,5,18
1782046463246,qemu,2098448,7.66,4369060,4358377,4252192,14,120
1782046464292,streamd,2098436,5.74,98516,92735,60828,5,18
1782046464292,qemu,2098448,11.47,4369060,4358173,4252192,14,121
1782046465338,streamd,2098436,6.69,98516,92745,60828,5,18
1782046465338,qemu,2098448,68.83,4369060,4358375,4252192,14,120
1782046466391,streamd,2098436,4.75,98516,92748,60828,5,18
1782046466391,qemu,2098448,132.00,4369060,4358375,4252192,14,120
1782046467437,streamd,2098436,5.74,98516,92748,60828,5,18
1782046467437,qemu,2098448,15.30,4369060,4358375,4252192,14,120
1782046468482,streamd,2098436,5.74,98516,92746,60828,5,18
1782046468482,qemu,2098448,5.74,4369060,4358377,4252192,14,120
1782046469528,streamd,2098436,5.74,98516,92749,60828,5,18
1782046469528,qemu,2098448,11.47,4369060,4358381,4252196,14,120
1782046470572,streamd,2098436,5.75,98516,92750,60828,5,18
1782046470572,qemu,2098448,7.66,4369060,4358381,4252196,14,120
1782046471617,streamd,2098436,4.78,98516,92749,60828,5,18
1782046471617,qemu,2098448,12.44,4369060,4358381,4252196,14,120
1782046472661,streamd,2098436,5.75,98516,92744,60828,5,18
1782046472661,qemu,2098448,7.66,4369060,4358381,4252196,14,120
1782046473707,streamd,2098436,4.78,98516,92747,60828,5,18
1782046473707,qemu,2098448,12.43,4369060,4358381,4252196,14,120
1782046474750,streamd,2098436,5.75,98516,92747,60828,5,18
1782046474750,qemu,2098448,6.71,4369060,4358381,4252196,14,120
1782046475794,streamd,2098436,4.79,98516,92749,60828,5,18
1782046475794,qemu,2098448,17.24,4369060,4358379,4252196,14,120
1782046476840,streamd,2098436,5.74,98516,92748,60828,5,18
1782046476840,qemu,2098448,8.60,4369060,4358381,4252196,14,120
1782046477886,streamd,2098436,4.78,98516,92744,60828,5,18
1782046477886,qemu,2098448,13.38,4369060,4358379,4252196,14,120
1782046478931,streamd,2098436,4.78,98516,92747,60828,5,18
1782046478931,qemu,2098448,4.78,4369060,4358381,4252196,14,120
1782046479974,streamd,2098436,5.75,98516,92746,60828,5,18
1782046479974,qemu,2098448,12.46,4369060,4358381,4252196,14,120
1782046481020,streamd,2098436,5.74,98516,92745,60828,5,19
1782046481020,qemu,2098448,6.69,4369060,4358381,4252196,14,120
1782046482065,streamd,2098436,5.74,98516,92747,60828,5,18
1782046482065,qemu,2098448,12.44,4369060,4358381,4252196,14,120
1782046483110,streamd,2098436,5.74,98516,92746,60828,5,18
1782046483110,qemu,2098448,6.70,4369060,4358381,4252196,14,120
1782046484153,streamd,2098436,5.75,98516,92744,60828,5,18
1782046484153,qemu,2098448,12.46,4369060,4358381,4252196,14,120
1782046485199,streamd,2098436,5.74,98516,92748,60828,5,18
1782046485199,qemu,2098448,5.74,4369060,4358381,4252196,14,120
1782046486242,streamd,2098436,4.79,98516,92744,60828,5,18
1782046486242,qemu,2098448,7.67,4369060,4358381,4252196,14,120
1782046487287,streamd,2098436,5.74,98516,92750,60828,5,18
1782046487287,qemu,2098448,6.70,4369060,4358382,4252196,14,120
1782046488332,streamd,2098436,6.70,98516,92746,60828,5,18
1782046488332,qemu,2098448,5.74,4369060,4358381,4252196,14,120
1782046489377,streamd,2098436,5.74,98516,92748,60828,5,18
1782046489377,qemu,2098448,5.74,4369060,4358381,4252196,14,120
1782046490423,streamd,2098436,6.69,98516,92744,60828,5,18
1782046490423,qemu,2098448,6.69,4369060,4358381,4252196,14,120
1782046491466,streamd,2098436,4.79,98516,92746,60828,5,18
1782046491466,qemu,2098448,5.75,4369060,4358381,4252196,14,120
1782046492510,streamd,2098436,5.75,98516,92749,60828,5,18
1782046492510,qemu,2098448,5.75,4369060,4358379,4252196,14,120
1782046493553,streamd,2098436,5.75,98516,92748,60828,5,18
1782046493553,qemu,2098448,7.67,4369060,4358381,4252196,14,120
1782046494604,streamd,2098436,5.71,98516,92749,60828,5,18
1782046494604,qemu,2098448,24.74,4369060,4358381,4252196,14,120
1782046495651,streamd,2098436,5.73,98516,92743,60828,5,18
1782046495651,qemu,2098448,12.42,4369060,4358381,4252196,14,120
1782046496697,streamd,2098436,5.74,98516,92749,60828,5,18
1782046496697,qemu,2098448,9.56,4369060,4358379,4252196,14,120
1782046497742,streamd,2098436,5.74,98516,92748,60828,5,18
1782046497742,qemu,2098448,9.57,4369060,4358381,4252196,14,120
1782046498789,streamd,2098436,5.73,98516,92749,60828,5,18
1782046498789,qemu,2098448,9.55,4369060,4358381,4252196,14,120
1782046499834,streamd,2098436,5.74,98516,92748,60828,5,18
1782046499834,qemu,2098448,11.48,4369060,4358381,4252196,14,120
1782046500879,streamd,2098436,5.74,98516,92746,60828,5,18
1782046500879,qemu,2098448,8.61,4369060,4358381,4252196,14,120
1782046501923,streamd,2098436,5.75,98516,92746,60828,5,18
1782046501923,qemu,2098448,9.58,4369060,4358381,4252196,14,120
1782046502968,streamd,2098436,5.74,98516,92748,60828,5,19
1782046502968,qemu,2098448,9.57,4369060,4358381,4252196,14,120
1782046504012,streamd,2098436,5.75,98516,92748,60828,5,18
1782046504012,qemu,2098448,8.62,4369060,4358381,4252196,14,120
1782046505058,streamd,2098436,5.74,98516,92744,60828,5,18
1782046505058,qemu,2098448,9.56,4369060,4358381,4252196,14,120
1782046506106,streamd,2098436,5.73,98516,92748,60828,5,18
1782046506106,qemu,2098448,9.54,4369060,4358381,4252196,14,120
1782046507152,streamd,2098436,5.74,98516,92744,60828,5,18
1782046507152,qemu,2098448,12.43,4369060,4358381,4252196,14,120
1782046508199,streamd,2098436,6.69,98516,92745,60828,5,18
1782046508199,qemu,2098448,9.55,4369060,4358381,4252196,14,120
1782046509244,streamd,2098436,5.74,98516,92745,60828,5,18
1782046509244,qemu,2098448,11.48,4369060,4358379,4252196,14,120
1782046510290,streamd,2098436,5.74,98516,92748,60828,5,18
1782046510290,qemu,2098448,9.56,4369060,4358381,4252196,14,120
1782046511334,streamd,2098436,6.70,98516,92745,60828,5,18
1782046511334,qemu,2098448,104.41,4369060,4358379,4252196,14,120
1782046512379,streamd,2098436,5.74,98516,92745,60828,5,18
1782046512379,qemu,2098448,22.97,4369060,4358379,4252196,14,120
1782046513423,streamd,2098436,5.75,98516,92749,60828,5,18
1782046513423,qemu,2098448,114.94,4369060,4358381,4252196,14,120
1782046514476,streamd,2098436,6.65,98516,92745,60828,5,18
1782046514476,qemu,2098448,122.51,4369060,4358381,4252196,14,120
1782046515520,streamd,2098436,5.75,98516,92749,60828,5,18
1782046515520,qemu,2098448,4.79,4369060,4358379,4252196,14,120
1782046516567,streamd,2098436,6.69,98516,92744,60828,5,18
1782046516567,qemu,2098448,53.49,4369060,4358381,4252196,14,120
1782046517621,streamd,2098436,5.69,98516,92748,60828,5,18
1782046517621,qemu,2098448,27.51,4369060,4358381,4252196,14,120
1782046518677,streamd,2098436,5.68,98516,92748,60828,5,18
1782046518677,qemu,2098448,27.46,4369060,4358381,4252196,14,120
1782046519721,streamd,2098436,5.75,98516,92749,60828,5,18
1782046519721,qemu,2098448,6.70,4369060,4358379,4252196,14,120
1782046520766,streamd,2098436,6.70,98516,92749,60828,5,19
1782046520766,qemu,2098448,6.70,4369060,4358379,4252196,14,120
1782046521811,streamd,2098436,5.74,98516,92746,60828,5,18
1782046521811,qemu,2098448,6.70,4369060,4358381,4252196,14,120
1782046522858,streamd,2098436,5.73,98516,92744,60828,5,18
1782046522858,qemu,2098448,4.78,4369060,4358379,4252196,14,120
1782046523902,streamd,2098436,5.75,98516,92748,60828,5,18
1782046523902,qemu,2098448,55.56,4369060,4358381,4252196,14,120
1782046524948,streamd,2098436,6.69,98516,92744,60828,5,18
1782046524948,qemu,2098448,44.93,4369060,4358381,4252196,14,120
1782046525996,streamd,2098436,5.73,98516,92748,60828,5,18
1782046525996,qemu,2098448,5.73,4369060,4358381,4252196,14,120
1782046527040,streamd,2098436,4.79,98516,92745,60828,5,18
1782046527040,qemu,2098448,5.75,4369060,4358381,4252196,14,120
1782046528085,streamd,2098436,6.70,98516,92744,60828,5,18
1782046528085,qemu,2098448,6.70,4369060,4358381,4252196,14,120
1782046529130,streamd,2098436,5.74,98516,92748,60828,5,19
1782046529130,qemu,2098448,6.70,4369060,4358381,4252196,14,120
1782046530175,streamd,2098436,5.74,98516,92749,60828,5,18
1782046530175,qemu,2098448,49.76,4369060,4358381,4252196,14,120
1782046531225,streamd,2098436,5.71,98516,92746,60828,5,18
1782046531225,qemu,2098448,15.24,4369060,4358379,4252196,14,120
1782046532270,streamd,2098436,5.74,98516,92743,60828,5,18
1782046532270,qemu,2098448,9.57,4369060,4358378,4252196,14,120
1782046533314,streamd,2098436,5.75,98516,92749,60828,5,18
1782046533314,qemu,2098448,10.54,4369060,4358379,4252196,14,120
1782046534359,streamd,2098436,5.74,98516,92744,60828,5,18
1782046534359,qemu,2098448,8.61,4369060,4358381,4252196,14,120
1782046535405,streamd,2098436,5.74,98516,92744,60828,5,18
1782046535405,qemu,2098448,11.47,4369060,4358381,4252196,14,120
1782046536453,streamd,2098436,5.73,98516,92749,60828,5,18
1782046536453,qemu,2098448,39.12,4369060,4358381,4252196,14,120
1782046537506,streamd,2098436,5.70,98516,92748,60828,5,18
1782046537506,qemu,2098448,58.88,4369060,4358379,4252196,14,120
1782046538551,streamd,2098436,4.78,98516,92749,60828,5,18
1782046538551,qemu,2098448,7.66,4369060,4358381,4252196,14,120
1782046539598,streamd,2098436,5.73,98516,92749,60828,5,18
1782046539598,qemu,2098448,6.69,4369060,4358381,4252196,14,120
1782046540642,streamd,2098436,5.75,98516,92747,60828,5,18
1782046540642,qemu,2098448,7.66,4369060,4358378,4252196,14,120
1782046541688,streamd,2098436,4.78,98516,92743,60828,5,18
1782046541688,qemu,2098448,5.74,4368548,4357869,4251684,14,120
1782046542733,streamd,2098436,5.74,98516,92748,60828,5,18
1782046542733,qemu,2098448,5.74,4368548,4357869,4251684,14,120
1782046543777,streamd,2098436,4.79,98516,92748,60828,5,18
1782046543777,qemu,2098448,7.66,4368548,4357867,4251684,14,120
1782046544822,streamd,2098436,6.70,98516,92744,60828,5,18
1782046544822,qemu,2098448,111.96,4368548,4357867,4251684,14,120
1782046545869,streamd,2098436,5.73,98516,92745,60828,5,18
1782046545869,qemu,2098448,24.83,4368548,4357869,4251684,14,120
